{
  "validation_candidates_ranked": [
    {
      "name": "sgd_log_loss",
      "threshold": 0.39999999999999997,
      "metrics": {
        "precision": 0.8222222222222222,
        "recall": 0.8374927452118398,
        "f1": 0.8297872340425532,
        "roc_auc": 0.9322710913132936,
        "brier": 0.0990864883106997,
        "ece_10": 0.030815470526167132,
        "threshold": 0.39999999999999997,
        "confusion_matrix": [
          [
            2212,
            312
          ],
          [
            280,
            1443
          ]
        ],
        "class_1_ece": 0.030815470526167132,
        "class_0_ece": 0.0308154705261671
      }
    },
    {
      "name": "linear_svc_calibrated",
      "threshold": 0.35,
      "metrics": {
        "precision": 0.7925133689839572,
        "recall": 0.8601276842716192,
        "f1": 0.8249373782354579,
        "roc_auc": 0.9285328633855555,
        "brier": 0.10158183181690811,
        "ece_10": 0.02194043668926181,
        "threshold": 0.35,
        "confusion_matrix": [
          [
            2136,
            388
          ],
          [
            241,
            1482
          ]
        ],
        "class_1_ece": 0.02194043668926181,
        "class_0_ece": 0.021940436689261787
      }
    },
    {
      "name": "logistic_regression",
      "threshold": 0.39999999999999997,
      "metrics": {
        "precision": 0.7889125799573561,
        "recall": 0.8589669181659896,
        "f1": 0.8224506807446513,
        "roc_auc": 0.9253002861444813,
        "brier": 0.10846399054822733,
        "ece_10": 0.05948762825883058,
        "threshold": 0.39999999999999997,
        "confusion_matrix": [
          [
            2128,
            396
          ],
          [
            243,
            1480
          ]
        ],
        "class_1_ece": 0.05948762825883058,
        "class_0_ece": 0.05948762825883058
      }
    }
  ],
  "selected_model": "sgd_log_loss",
  "selected_threshold": 0.39999999999999997,
  "test_metrics": {
    "precision": 0.8203693340794628,
    "recall": 0.8508415554265816,
    "f1": 0.8353276353276353,
    "roc_auc": 0.9352785516729473,
    "brier": 0.09753473913978979,
    "ece_10": 0.02621021146337401,
    "threshold": 0.39999999999999997,
    "confusion_matrix": [
      [
        2203,
        321
      ],
      [
        257,
        1466
      ]
    ],
    "class_1_ece": 0.02621021146337401,
    "class_0_ece": 0.026210211463374034
  },
  "residual_risk_note": "Near-duplicate audit is heuristic partial coverage; semantic paraphrase leakage may still exist.",
  "calibration_contract": {
    "validation_brier_target": 0.2,
    "validation_ece_target": 0.08
  }
}