{
  "selected_alpha": 0.55,
  "selected_threshold": 0.45000000000000007,
  "validation_metrics": {
    "precision": 0.7523905385002516,
    "recall": 0.8676726639582124,
    "f1": 0.8059299191374663,
    "roc_auc": 0.9116773806052724,
    "threshold": 0.45000000000000007
  },
  "test_metrics": {
    "precision": 0.73583984375,
    "recall": 0.8746372605919908,
    "f1": 0.7992574913815964,
    "roc_auc": 0.9141131958503073,
    "threshold": 0.45000000000000007
  },
  "text_only_note": "v3 blends text model with metadata model by learned alpha."
}