{
  "validation_candidates_ranked": [
    {
      "name": "sgd_log_loss",
      "threshold": 0.39999999999999997,
      "metrics": {
        "precision": 0.8229583095374072,
        "recall": 0.83633197910621,
        "f1": 0.8295912492803684,
        "roc_auc": 0.9324688446514161,
        "brier": 0.09920176788116201,
        "ece_10": 0.030664422393205663,
        "threshold": 0.39999999999999997,
        "confusion_matrix": [
          [
            2214,
            310
          ],
          [
            282,
            1441
          ]
        ],
        "class_1_ece": 0.030664422393205663,
        "class_0_ece": 0.03066442239320564
      }
    },
    {
      "name": "linear_svc_calibrated",
      "threshold": 0.3,
      "metrics": {
        "precision": 0.7672672672672672,
        "recall": 0.889727219965177,
        "f1": 0.8239720505240526,
        "roc_auc": 0.9286101251548686,
        "brier": 0.10164131511373879,
        "ece_10": 0.021219629356827852,
        "threshold": 0.3,
        "confusion_matrix": [
          [
            2059,
            465
          ],
          [
            190,
            1533
          ]
        ],
        "class_1_ece": 0.021219629356827852,
        "class_0_ece": 0.021219629356827915
      }
    },
    {
      "name": "logistic_regression",
      "threshold": 0.44999999999999996,
      "metrics": {
        "precision": 0.8241822429906542,
        "recall": 0.8189204875217644,
        "f1": 0.8215429403202329,
        "roc_auc": 0.9253766281308261,
        "brier": 0.10849862905695816,
        "ece_10": 0.0587172854209718,
        "threshold": 0.44999999999999996,
        "confusion_matrix": [
          [
            2223,
            301
          ],
          [
            312,
            1411
          ]
        ],
        "class_1_ece": 0.0587172854209718,
        "class_0_ece": 0.05871728542097179
      }
    }
  ],
  "selected_model": "sgd_log_loss",
  "selected_threshold": 0.39999999999999997,
  "test_metrics": {
    "precision": 0.8209704406023425,
    "recall": 0.8543238537434706,
    "f1": 0.8373151308304891,
    "roc_auc": 0.9347722111490572,
    "brier": 0.09774891227506202,
    "ece_10": 0.0270426192775236,
    "threshold": 0.39999999999999997,
    "confusion_matrix": [
      [
        2203,
        321
      ],
      [
        251,
        1472
      ]
    ],
    "class_1_ece": 0.0270426192775236,
    "class_0_ece": 0.027042619277523574
  },
  "residual_risk_note": "Near-duplicate audit is heuristic partial coverage; semantic paraphrase leakage may still exist.",
  "calibration_contract": {
    "validation_brier_target": 0.2,
    "validation_ece_target": 0.08
  }
}