split,rows,fraction,label_1_rate
calibration,4247,0.100009419300146,0.405698139863433
test,4247,0.100009419300146,0.405698139863433
train,29725,0.699971742099562,0.4058200168208579
validation,4247,0.100009419300146,0.405698139863433
