{
  "selected_alpha": 0.7,
  "selected_threshold": 0.45000000000000007,
  "validation_metrics": {
    "precision": 0.733739837398374,
    "recall": 0.8380731282646546,
    "f1": 0.7824437821728529,
    "roc_auc": 0.8941463172349853,
    "threshold": 0.45000000000000007
  },
  "test_metrics": {
    "precision": 0.7251870324189527,
    "recall": 0.8438769587928032,
    "f1": 0.7800429184549357,
    "roc_auc": 0.8957405310642902,
    "threshold": 0.45000000000000007
  },
  "text_only_note": "v3 blends text model with metadata model by learned alpha."
}